
-- DROP TABLE statements if needed (optional)
-- DROP TABLE IF EXISTS FAQ, settlement, member, announce, note, alarmlist, grade, alarmmessage, product, `order`, category, report, review, advertise, mark;

CREATE TABLE `FAQ` (
    `no` INT NOT NULL AUTO_INCREMENT,
    `category` VARCHAR(50) NOT NULL,
    `title` VARCHAR(200) NOT NULL,
    `content` TEXT NOT NULL,
    `createdAt` DATETIME NOT NULL DEFAULT CURRENT_TIMESTAMP(),
    `updatedAt` DATETIME NOT NULL DEFAULT CURRENT_TIMESTAMP(),
    `imgUrl` VARCHAR(255) NULL,
    PRIMARY KEY (`no`)
);

CREATE TABLE `settlement` (
    `settlementNo` INT NOT NULL AUTO_INCREMENT,
    `memberNo` INT NOT NULL,
    `orderNo` INT NOT NULL DEFAULT 1,
    `productNo` INT NOT NULL,
    `feeAmount` DECIMAL(10,2) NULL,
    `orderStatus` VARCHAR(20) NOT NULL,
    `settlementRequestAt` DATETIME NULL DEFAULT CURRENT_TIMESTAMP(),
    `settlementCompletedAt` DATETIME NULL DEFAULT CURRENT_TIMESTAMP(),
    `feeStatus` VARCHAR(20) NOT NULL,
    `revenueType` VARCHAR(30) NOT NULL,
    `payTime` DATETIME NOT NULL DEFAULT CURRENT_TIMESTAMP(),
    PRIMARY KEY (`settlementNo`)
);

CREATE TABLE `member` (
    `no` INT AUTO_INCREMENT,
    `gradeId` INT  NULL DEFAULT 1,
    `id` VARCHAR(100) NOT NULL,
    `password` VARCHAR(50)  NULL,
    `name` VARCHAR(100)  NULL,
    `nickname` VARCHAR(50)  NOT NULL,
    `phone` VARCHAR(50) NULL,
    `address1` VARCHAR(100)  NULL,
    `address2` VARCHAR(100)  NULL,
    `address3` VARCHAR(100)  NULL,
    `region1` VARCHAR(100)  NULL,
    `region2` VARCHAR(100)  NULL,
    `region3` VARCHAR(100)   NULL,
    `location` VARCHAR(100)   NULL,
    `profileImage` VARCHAR(200)  NULL,
    `orderCount` INT  DEFAULT 0 NULL,
    `adminNo` INT NULL DEFAULT 0,
    `regDate` DATETIME DEFAULT CURRENT_TIMESTAMP() DEFAULT CURRENT_TIMESTAMP(),
    `fcmToken` VARCHAR(255) NULL,
    `
    PRIMARY KEY (`no`)
);

CREATE TABLE `announce` (
    `no` INT NOT NULL AUTO_INCREMENT,
    `title` VARCHAR(100) NOT NULL,
    `content` VARCHAR(1000) NOT NULL,
    `regDate` DATETIME NOT NULL DEFAULT CURRENT_TIMESTAMP() DEFAULT CURRENT_TIMESTAMP(),
    `viewCount` INT NOT NULL DEFAULT 0,
    `imgUrl` VARCHAR(255) NULL,
    PRIMARY KEY (`no`)
);

CREATE TABLE `note` (
    `noteNo` INT NOT NULL AUTO_INCREMENT,
    `productNo` INT NOT NULL,
    `memberNo` INT NOT NULL,
    `noteContent` VARCHAR(1000) NULL,
    `receiver` VARCHAR(100) NOT NULL,
    `curdate` DATETIME NULL DEFAULT CURRENT_TIMESTAMP() DEFAULT CURRENT_TIMESTAMP(),
    PRIMARY KEY (`noteNo`)
);

CREATE TABLE `grade` (
    `gradeNo` INT NOT NULL AUTO_INCREMENT,
    `gradeName` VARCHAR(20) NOT NULL,
    `gradeRate` DOUBLE NOT NULL,
    `gradeCount` DECIMAL(10,2) NOT NULL DEFAULT 0,
    PRIMARY KEY (`gradeNo`)
);

CREATE TABLE `product` (
    `no` INT NOT NULL AUTO_INCREMENT,
    `categoryNo` INT NOT NULL DEFAULT 1,
    `createDate` DATETIME NOT NULL DEFAULT CURRENT_TIMESTAMP() DEFAULT CURRENT_TIMESTAMP(),
    `title` VARCHAR(100) NOT NULL,
    `content` VARCHAR(255) NOT NULL,
    `state` VARCHAR(100) NULL,
    `img` VARCHAR(100) NOT NULL,
    `deliveryAddr` VARCHAR(100) NOT NULL,
    `deliveryprice` INT NULL,
    `tradeType` VARCHAR(255) NULL,
    `secPrice` INT NULL,
    `memberNo` INT NOT NULL,
    `startDate` VARCHAR(255) NULL,
    `endDate` VARCHAR(255) NULL,
    `salePrice` INT NULL DEFAULT 0,
    `rentPrice` INT NULL,
    `isHide` BOOLEAN NULL DEFAULT TRUE COMMENT 'μƒν’ μ¨κΉ€μ—¬λ¶€',
    `deliveryStatus` VARCHAR(100) NOT NULL DEFAULT 0,
    PRIMARY KEY (`no`)
);

CREATE TABLE `order` (
    `orderNo` INT NOT NULL AUTO_INCREMENT,
    `memberNo` INT NOT NULL,
    `orderDate` DATETIME NOT NULL DEFAULT CURRENT_TIMESTAMP(),
    `orderType` VARCHAR(255) NULL,
    `price` INT NULL,
    `secPrice` INT NULL,
    `deliveryAddr` VARCHAR(100) NULL,
    `deliveryPrice` INT NULL,
    `orderStatus` VARCHAR(50) NULL,
    `endDate` DATETIME NULL DEFAULT CURRENT_TIMESTAMP() DEFAULT CURRENT_TIMESTAMP(),
    `productNo` INT NOT NULL,
    `startDate` DATETIME NULL DEFAULT CURRENT_TIMESTAMP() DEFAULT CURRENT_TIMESTAMP(),
    `paymentType` VARCHAR(20) NOT NULL,
    `invoiceNo` VARCHAR(20) NULL COMMENT 'μ†΅μ¥λ²νΈ',
    `deliveryComp` VARCHAR(20) NULL COMMENT 'νƒλ°°μ‚¬',
    PRIMARY KEY (`orderNo`)
);

CREATE TABLE `category` (
    `no` INT NOT NULL AUTO_INCREMENT,
    `name` VARCHAR(50) NOT NULL,
    `sortOrder` INT NOT NULL COMMENT 'λ‚®μ„μλ΅ λ¨Όμ €',
    `isActive` BOOLEAN NOT NULL DEFAULT TRUE,
    PRIMARY KEY (`no`)
);

CREATE TABLE `report` (
    `no` INT NOT NULL AUTO_INCREMENT,
    `memberNo` INT NOT NULL,
    `contents` VARCHAR(1000) NULL,
    `type` VARCHAR(100) NOT NULL,
    `date` DATETIME NOT NULL DEFAULT CURRENT_TIMESTAMP() DEFAULT CURRENT_TIMESTAMP(),
    `title` VARCHAR(100) NOT NULL,
    `productNo` INT NOT NULL,
    PRIMARY KEY (`no`)
);

CREATE TABLE `review` (
    `no` INT NOT NULL AUTO_INCREMENT,
    `memberNo` INT NOT NULL,
    `title` VARCHAR(100) NULL,
    `contents` VARCHAR(1000) NOT NULL,
    `score` INT NULL,
    `date` DATETIME NOT NULL DEFAULT CURRENT_TIMESTAMP() DEFAULT CURRENT_TIMESTAMP(),
    `productNo` INT NOT NULL,
    PRIMARY KEY (`no`)
);

CREATE TABLE `advertise` (
    `no` INT NOT NULL AUTO_INCREMENT,
    `name` VARCHAR(100) NOT NULL,
    `price` INT NOT NULL DEFAULT 0,
    `period` INT NOT NULL DEFAULT 1,
    `img` VARCHAR(255) NOT NULL,
    `content` VARCHAR(1000) NOT NULL,
    `no2` INT NOT NULL DEFAULT 1,
    PRIMARY KEY (`no`)
);

CREATE TABLE `mark` (
    `no` INT NOT NULL AUTO_INCREMENT,
    `productNo` INT NOT NULL,
    `memberNo` INT NOT NULL,
    PRIMARY KEY (`no`)
);

CREATE TABLE alarmMessage (
    no INT AUTO_INCREMENT PRIMARY KEY,
    title VARCHAR(200) NOT NULL,        
    content TEXT NOT NULL,               
    type VARCHAR(30) NOT NULL,          
    remark VARCHAR(200)                  
);

CREATE TABLE alarm (
    no INT AUTO_INCREMENT PRIMARY KEY, 
    type VARCHAR(30) NOT NULL,           
    isActive BOOLEAN DEFAULT TRUE,      
    title VARCHAR(200) NOT NULL,         
    content TEXT NOT NULL,               
    rcvId INT NOT NULL,                 
    sentAt DATETIME                    
);rentdb

CREATE TABLE prof (
    no INT AUTO_INCREMENT PRIMARY KEY,          
    profType VARCHAR(20),                      
    orderType VARCHAR(20) NOT NULL,            
    orderDate DATETIME,                        
    orderNo INT NOT NULL,                      
    settlementNo INT NOT NULL,                  
    feeRate DOUBLE                               
);

-- Foreign Keys


ALTER TABLE `member` ADD CONSTRAINT `FK_grade_TO_member_1` FOREIGN KEY (`gradeId`) REFERENCES `grade` (`gradeNo`);

ALTER TABLE `note` ADD CONSTRAINT `FK_product_TO_note_1` FOREIGN KEY (`productNo`) REFERENCES `product`(`no`);
ALTER TABLE `note` ADD CONSTRAINT `FK_member_TO_note_1` FOREIGN KEY (`memberNo`) REFERENCES `member`(`no`);

ALTER TABLE `order` ADD CONSTRAINT `FK_member_TO_order_1` FOREIGN KEY (`memberNo`) REFERENCES `member`(`no`);
ALTER TABLE `order` ADD CONSTRAINT `FK_product_TO_order_1` FOREIGN KEY (`productNo`) REFERENCES `product`(`no`);

ALTER TABLE `product` ADD CONSTRAINT `FK_category_TO_product_1` FOREIGN KEY (`categoryNo`) REFERENCES `category`(`no`);
ALTER TABLE `product` ADD CONSTRAINT `FK_member_TO_product_1` FOREIGN KEY (`memberNo`) REFERENCES `member`(`no`);

ALTER TABLE `report` ADD CONSTRAINT `FK_member_TO_report_1` FOREIGN KEY (`memberNo`) REFERENCES `member`(`no`);
ALTER TABLE `report` ADD CONSTRAINT `FK_product_TO_report_1` FOREIGN KEY (`productNo`) REFERENCES `product`(`no`);

ALTER TABLE `review` ADD CONSTRAINT `FK_member_TO_review_1` FOREIGN KEY (`memberNo`) REFERENCES `member`(`no`);
ALTER TABLE `review` ADD CONSTRAINT `FK_product_TO_review_1` FOREIGN KEY (`productNo`) REFERENCES `product`(`no`);

ALTER TABLE `settlement` ADD CONSTRAINT `FK_member_TO_settlement_1` FOREIGN KEY (`memberNo`) REFERENCES `member`(`no`);
ALTER TABLE `settlement` ADD CONSTRAINT `FK_order_TO_settlement_1` FOREIGN KEY (`orderNo`) REFERENCES `order`(`orderNo`);
ALTER TABLE `settlement` ADD CONSTRAINT `FK_product_TO_settlement_1` FOREIGN KEY (`productNo`) REFERENCES `product`(`no`);

ALTER TABLE `mark` 
ADD CONSTRAINT `FK_mark_product` FOREIGN KEY (`productNo`) REFERENCES `product`(`no`);

ALTER TABLE `mark` 
ADD CONSTRAINT `FK_mark_member` FOREIGN KEY (`memberNo`) REFERENCES `member`(`no`);

ALTER TABLE `product`
ADD COLUMN `view_cnt` INT NOT NULL DEFAULT 0 COMMENT 'μ΅°νμ';

ALTER TABLE report
ADD COLUMN status VARCHAR(20) DEFAULT 'new';

INSERT INTO grade(gradeNo,gradeName,gradeRate,gradeCount)
VALUES(1,"1",1.0,1.0);

INSERT INTO member(NO,gradeId,id,PASSWORD,name,nickname,phone,address1,region1,profileimage,adminNo,fcmToken)
VALUES (1,1,"1","1","1","1",1,"1","1","1",1,"1");

INSERT INTO category (no, name, sortOrder, isActive) VALUES
(1, 'μλ¥/ν¨μ…/μ•…μ„Έμ‚¬λ¦¬', 1,1),
(2, 'PC/λ¨λ°”μΌ', 2,1),
(3, 'κ°€μ „ μ ν’', 3, 1),
(4, 'λ·°ν‹°/λ―Έμ©', 4, 1),
(5, 'μΊ ν•‘/μ¤ν¬μΈ /λ μ €', 5, 1),
(6, 'μƒν™/μ£Όλ°©μ©ν’', 6, 1),
(7, 'κ°€κµ¬μΈν…λ¦¬μ–΄', 7, 1),
(8, 'μ μ•„λ™/μ¶μ‚°', 8, 1),
(9, 'μ• μ™„λ™λ¬Όμ©ν’', 9, 1),
(10, 'κΈ°νƒ€', 10, 1);

INSERT INTO member (no, id, password, nickname, phone, address1, region1)
VALUES
(2, 'user2', 'pass2', 'μ μ €2', '010-2222-2222', 'μ„μΈμ‹', 'λ§ν¬κµ¬'),
(3, 'user3', 'pass3', 'μ μ €3', '010-3333-3333', 'λ¶€μ‚°μ‹', 'ν•΄μ΄λ€κµ¬'),
(4, 'user4', 'pass4', 'μ μ €4', '010-4444-4444', 'λ€μ „μ‹', 'μ„κµ¬'),
(5, 'user5', 'pass5', 'μ μ €5', '010-5555-5555', 'μΈμ²μ‹', 'λ‚¨λ™κµ¬'),
(6, 'user6', 'pass6', 'μ μ €6', '010-6666-6666', 'λ€κµ¬μ‹', 'μμ„±κµ¬'),
(7, 'user7', 'pass7', 'μ μ €7', '010-7777-7777', 'κ΄‘μ£Όμ‹', 'λ¶κµ¬'),
(8, 'user8', 'pass8', 'μ μ €8', '010-8888-8888', 'μΈμ‚°μ‹', 'λ‚¨κµ¬'),
(9, 'user9', 'pass9', 'μ μ €9', '010-9999-9999', 'μ μ£Όμ‹', 'μ μ£Όμ‹'),
(10, 'user10', 'pass10', 'μ μ €10', '010-1010-1010', 'μμ›μ‹', 'μ¥μ•κµ¬');

INSERT INTO product 
(no, categoryNo, title, content, state, img, deliveryAddr, deliveryPrice, tradeType, secPrice, memberNo, startDate, endDate, salePrice, rentPrice, isHide, view_cnt, deliveryStatus, createDate)
VALUES
(102, 2, 'μ¤λ§νΈν°', 'μƒνƒ μΆ‹μ€ μ¤λ§νΈν°', 'NEW', 'phone.jpg', 'μ„μΈ λ§ν¬κµ¬', 4000, 'λ€μ—¬', 10000, 2, '2025-04-20', '2025-04-25', NULL, 3000, 0, 80, 'κ°€λ¥', NOW() - INTERVAL 2 DAY),
(103, 3, 'μ „μλ μΈμ§€', 'μ „μλ μΈμ§€ νλ‹λ‹¤', 'USED', 'micro.jpg', 'λ¶€μ‚° ν•΄μ΄λ€κµ¬', 2000, 'νλ§¤λ€μ—¬', 5000, 3, '2025-04-21', '2025-04-23', 15000, 2000, 0, 60, 'κ°€λ¥', NOW() - INTERVAL 3 DAY),
(104, 4, 'ν™”μ¥ν’μ„ΈνΈ', 'λ‚λ”ν•©λ‹λ‹¤', 'NEW', 'cosmetics.jpg', 'λ€μ „ μ„κµ¬', 0, 'λ‚λ”', NULL, 4, NULL, NULL, NULL, NULL, 0, 50, 'κ°€λ¥', NOW() - INTERVAL 4 DAY),
(105, 5, 'μΊ ν•‘μμ', 'νΈν• μΊ ν•‘μμ', 'USED', 'chair.jpg', 'μΈμ² λ‚¨λ™κµ¬', 2000, 'νλ§¤', NULL, 5, NULL, NULL, 10000, NULL, 0, 30, 'κ°€λ¥', NOW() - INTERVAL 5 DAY),
(106, 6, 'ν”„λΌμ΄ν¬', 'μƒμƒν’', 'NEW', 'pan.jpg', 'λ€κµ¬ μμ„±κµ¬', 1500, 'νλ§¤', NULL, 6, NULL, NULL, 7000, NULL, 0, 20, 'κ°€λ¥', NOW() - INTERVAL 6 DAY),
(107, 7, 'μ±…μƒ', 'μ‹¬ν”ν• μ±…μƒ', 'USED', 'desk.jpg', 'κ΄‘μ£Ό λ¶κµ¬', 5000, 'νλ§¤λ€μ—¬', 5000, 7, '2025-04-22', '2025-04-26', 20000, 3000, 0, 90, 'κ°€λ¥', NOW() - INTERVAL 7 DAY),
(108, 8, 'μ•„κΈ°μ·', 'κ·€μ—¬μ΄ μ•„κΈ°μ·', 'USED', 'baby.jpg', 'μΈμ‚° λ‚¨κµ¬', 1000, 'νλ§¤', NULL, 8, NULL, NULL, 8000, NULL, 0, 15, 'κ°€λ¥', NOW() - INTERVAL 8 DAY),
(109, 9, 'κ°•μ•„μ§€ μ¥λ‚κ°', 'μ‚¬μ©κ° κ±°μ μ—†μ', 'USED', 'dog.jpg', 'μ μ£Ό μ μ£Όμ‹', 1000, 'λ€μ—¬', 2000, 9, '2025-04-19', '2025-04-22', NULL, 1000, 0, 5, 'κ°€λ¥', NOW() - INTERVAL 9 DAY),
(110, 10, 'κΈ°νƒ€ ν’λ©', 'κΈ°νƒ€ κΈ°νƒ€', 'NEW', 'etc.jpg', 'κ²½κΈ° μμ›μ‹', 2500, 'νλ§¤', NULL, 10, NULL, NULL, 6000, NULL, 0, 200, 'κ°€λ¥', NOW() - INTERVAL 10 DAY),
(111, 1, 'μ—¬λ¦„ λ°ν” ν‹°μ…”μΈ ', 'μ‹μ›ν•κ³  κ°€λ²Όμ›€', 'NEW', 'shirt.jpg', 'μ„μΈμ‹ κ°•λ‚¨κµ¬', 2000, 'νλ§¤', NULL, 3, NULL, NULL, 15000, NULL, 12, 3, 'κ°€λ¥', NOW() - INTERVAL 1 DAY),
(112, 2, 'μ•„μ΄ν° 12 λ€μ—¬', 'μƒν™κΈ°μ¤ μμ', 'USED', 'iphone.jpg', 'λ¶€μ‚°μ‹  ν•΄μ΄λ€κµ¬', 3000, 'λ€μ—¬', 50000, 2, '2025-04-22', '2025-04-25', NULL, 8000, 30, 12, 'κ°€λ¥', NOW() - INTERVAL 2 DAY),
(113, 3, 'μ—μ–΄ν”„λΌμ΄μ–΄', 'κ±°μ μƒμƒν’', 'USED', 'airfryer.jpg', 'λ€κµ¬μ‹ λ‹¬μ„κµ¬', 5000, 'νλ§¤', NULL, 1, NULL, NULL, 45000, NULL, 7, 1, 'κ°€λ¥', NOW() - INTERVAL 3 DAY),
(114, 4, 'λ“λΌμ΄κΈ° λ€μ—¬', 'λ¨Έλ¦¬ λ§λ¦΄ λ• μµκ³ ', 'USED', 'dryer.jpg', 'μ„μΈμ‹ κ΄€μ•…κµ¬', 1500, 'λ€μ—¬', 10000, 5, '2025-04-21', '2025-04-23', NULL, 2000, 9, 5, 'κ°€λ¥', NOW() - INTERVAL 4 DAY),
(115, 5, 'μΊ ν•‘ ν…νΈ', '3μΈμ©, λ°©μ μΆ‹μ', 'USED', 'tent.jpg', 'κ²½λ‚¨μ‹ μ°½μ›μ‹', 3000, 'νλ§¤λ€μ—¬', 20000, 6, '2025-04-25', '2025-04-28', 70000, 8000, 22, 7, 'κ°€λ¥', NOW() - INTERVAL 5 DAY),
(116, 6, 'μ£Όλ°©μ© μΉΌμ„ΈνΈ', 'μ λ“¤μ–΄μ”', 'NEW', 'knife.jpg', 'κ΄‘μ£Όμ‹ λ¶κµ¬', 2500, 'νλ§¤', NULL, 4, NULL, NULL, 22000, NULL, 5, 2, 'κ°€λ¥', NOW() - INTERVAL 6 DAY),
(117, 7, 'μ±…μƒ μ„ΈνΈ', 'μ±…μƒ + μμ ν¬ν•¨', 'USED', 'desk.jpg', 'μ„μΈμ‹ λ§ν¬κµ¬', 10000, 'νλ§¤', NULL, 7, NULL, NULL, 120000, NULL, 11, 6, 'κ°€λ¥', NOW() - INTERVAL 7 DAY),
(118, 8, 'μ•„κΈ°μ© μΉ΄μ‹νΈ', 'κΉ¨λ—ν•κ² μ‚¬μ©ν•¨', 'USED', 'carseat.jpg', 'μ „λ¶ μ „μ£Όμ‹', 4000, 'λ€μ—¬', 30000, 8, '2025-04-24', '2025-04-27', NULL, 5000, 18, 8, 'κ°€λ¥', NOW() - INTERVAL 8 DAY),
(119, 9, 'κ°•μ•„μ§€ μ§‘', 'μ ‘μ΄μ‹, ν΄λ€μ©', 'NEW', 'doghouse.jpg', 'μΈμ² λ―Έμ¶”ν™€κµ¬', 2000, 'νλ§¤', NULL, 9, NULL, NULL, 35000, NULL, 6, 1, 'κ°€λ¥', NOW() - INTERVAL 9 DAY),
(120, 10, 'κΈ°νƒ€ μ¥λΉ„ λ€μ—¬', 'μ—°μµμ© μ¥λΉ„μ…λ‹λ‹¤', 'USED', 'guitar.jpg', 'μ¶©λ¶ μ²­μ£Όμ‹', 3000, 'λ€μ—¬', 10000, 10, '2025-04-23', '2025-04-26', NULL, 7000, 14, 3, 'κ°€λ¥', NOW() - INTERVAL 10 DAY);


ALTER TABLE member
ADD COLUMN latitude DECIMAL(10, 7),
ADD COLUMN longitude DECIMAL(10, 7);



DROP TABLE IF EXISTS alarm;

CREATE TABLE alarm (
  no INT AUTO_INCREMENT PRIMARY KEY,
  type VARCHAR(50) NOT NULL,
  recvId VARCHAR(50) NOT NULL,
  title VARCHAR(100) NOT NULL,
  content VARCHAR(1000),
  isActive BOOLEAN DEFAULT TRUE,
  sentDate DATETIME DEFAULT CURRENT_TIMESTAMP
);

INSERT INTO alarm (type, recvId, title, content, isActive)
VALUES
  ('chat', 'ekzm849', 'μƒλ΅μ΄ λ©”μ‹μ§€ λ„μ°©', '1:1 μ±„ν… λ©”μ‹μ§€κ°€ λ„μ°©ν–μµλ‹λ‹¤.', TRUE),
  ('system', 'ekzm849', 'μƒν’ λ“±λ΅ μ™„λ£', 'μƒν’μ΄ μ„±κ³µμ μΌλ΅ λ“±λ΅λμ—μµλ‹λ‹¤.', TRUE),
  ('warning', 'ekzm849', 'μ‹ κ³  μ²λ¦¬ μ•λ¦Ό', 'νμ›λ‹μ΄ μ‹ κ³ ν• λ‚΄μ©μ΄ μ²λ¦¬λμ—μµλ‹λ‹¤.', TRUE);


INSERT INTO alarmmessage (title, content, type, remark)
VALUES ('νμ›κ°€μ… ν™μ!', '${id}λ‹, κ°€μ…μ„ ν™μν•©λ‹λ‹¤! π‰', 'SIGNUP', 'νμ›κ°€μ… μ‹ μλ™ λ°μ†΅ ν…ν”λ¦Ώ');

ALTER TABLE `category`
ADD COLUMN `imgfilename` VARCHAR(100);


DROP TABLE IF EXISTS FAQ;

-- μΉ΄ν…κ³ λ¦¬ ν…μ΄λΈ”
CREATE TABLE faq_category (
  no INT PRIMARY KEY AUTO_INCREMENT,
  name VARCHAR(50) NOT NULL UNIQUE
);

-- FAQ ν…μ΄λΈ” (categoryNo μ°Έμ΅°)
CREATE TABLE faq (
  no INT PRIMARY KEY AUTO_INCREMENT,
  categoryNo INT NOT NULL,
  title VARCHAR(200) NOT NULL,
  content TEXT NOT NULL,
  createdAt DATETIME NOT NULL DEFAULT CURRENT_TIMESTAMP(),
  updatedAt DATETIME NOT NULL DEFAULT CURRENT_TIMESTAMP(),
  imgUrl VARCHAR(255),
  FOREIGN KEY (category_no) REFERENCES faq_category(no)
);


ALTER TABLE product
ADD COLUMN sortPrice INT GENERATED ALWAYS AS (COALESCE(salePrice, rentPrice)) STORED;

CREATE INDEX idx_sortPrice ON product(sortPrice);

CREATE INDEX idx_categoryNo ON product(categoryNo);
CREATE INDEX idx_tradeType ON product(tradeType);
CREATE INDEX idx_title ON product(title);
CREATE INDEX idx_createDate ON product(createDate);


ALTER TABLE product ADD COLUMN latitude DOUBLE;
ALTER TABLE product ADD COLUMN longitude DOUBLE;

UPDATE product SET latitude = 37.4979, longitude = 127.0276 WHERE no = 111;
UPDATE product SET latitude = 35.1631, longitude = 129.1636 WHERE no = 112;
UPDATE product SET latitude = 35.8264, longitude = 128.5327 WHERE no = 113;
UPDATE product SET latitude = 37.6027, longitude = 126.9291 WHERE no = 114;
UPDATE product SET latitude = 37.5638, longitude = 126.9084 WHERE no = 115;
UPDATE product SET latitude = 35.2285, longitude = 128.6811 WHERE no = 116;
UPDATE product SET latitude = 35.1631, longitude = 129.1636 WHERE no = 117;
UPDATE product SET latitude = 35.1741, longitude = 126.9119 WHERE no = 118;
UPDATE product SET latitude = 36.3258, longitude = 127.4275 WHERE no = 119;
UPDATE product SET latitude = 37.5638, longitude = 126.9084 WHERE no = 120;
UPDATE product SET latitude = 37.4475, longitude = 126.7313 WHERE no = 105;
UPDATE product SET latitude = 35.8242, longitude = 127.1478 WHERE no = 106;
UPDATE product SET latitude = 35.8589, longitude = 128.6302 WHERE no = 107;
UPDATE product SET latitude = 37.4629, longitude = 126.6822 WHERE no = 108;
UPDATE product SET latitude = 35.1741, longitude = 126.9119 WHERE no = 109;
UPDATE product SET latitude = 36.6424, longitude = 127.489 WHERE no = 102;
UPDATE product SET latitude = 36.6424, longitude = 127.489 WHERE no = 103;
UPDATE product SET latitude = 33.4996, longitude = 126.5312 WHERE no = 104;

-- νμ› λ“±κΈ‰
DELETE FROM grade;

INSERT INTO grade (gradeNo, gradeName, gradeRate, gradeCount) VALUES
(1, 'λΈλ΅ μ¦', 5, 0.0),
(2, 'μ‹¤λ²„', 4.85, 10.0),
(3, 'κ³¨λ“', 4.7, 20.0),
(4, 'ν”λν‹°λ„', 4.5, 30.0),
(5, 'λ‹¤μ΄μ•„', 4.25, 40.0),
(6, ' Re:NT', 3.5, 50.0);



INSERT INTO product (categoryNo, title, content, state, img, deliveryAddr, deliveryPrice, tradeType, secPrice, memberNo, startDate, endDate, salePrice, rentPrice, deliveryStatus, createDate)
VALUES
(1, 'μ•„μ΄ν° 13', 'μµμ‹ ν• μ•„μ΄ν°', 'μƒμƒν’', '/upload/product1.jpg', 'μ„μΈ κ°•λ‚¨κµ¬', 3000, 'νλ§¤', NULL, 1, NULL, NULL, 1200000, NULL, 'λ°°μ†΅κ°€λ¥', NOW()),
(1, 'κ°¤λ­μ‹ S22', 'μ‚Όμ„± ν”λκ·Έμ‹­ λ¨λΈ', 'μƒμƒν’', '/upload/product2.jpg', 'μ„μΈ μ„μ΄κµ¬', 3000, 'νλ§¤', NULL, 1, NULL, NULL, 1100000, NULL, 'λ°°μ†΅κ°€λ¥', NOW()),
(2, 'λ‹ν…λ„ μ¤μ„μΉ', 'μ¤μ„μΉ ν’€μ„ΈνΈ', 'μ¤‘κ³ ', '/upload/product3.jpg', 'μ„μΈ μ†΅νκµ¬', 2000, 'νλ§¤', NULL, 1, NULL, NULL, 400000, NULL, 'λ°°μ†΅κ°€λ¥', NOW()),
(2, 'PS5', 'ν”μ¤5 μƒμ ν’', 'μƒμƒν’', '/upload/product4.jpg', 'μ„μΈ λ§ν¬κµ¬', 5000, 'νλ§¤', NULL, 1, NULL, NULL, 700000, NULL, 'λ°°μ†΅κ°€λ¥', NOW()),
(3, 'λ§¥λ¶ ν”„λ΅', 'M2 μΉ© νƒ‘μ¬', 'μƒμƒν’', '/upload/product5.jpg', 'μ„μΈ κ°•μ„κµ¬', 5000, 'νλ§¤', NULL, 1, NULL, NULL, 2500000, NULL, 'λ°°μ†΅κ°€λ¥', NOW()),
(3, 'μ•„μ΄ν¨λ“ λ―Έλ‹6', 'μ•„μ΄ν¨λ“ λ―Έλ‹', 'μ¤‘κ³ ', '/upload/product6.jpg', 'μ„μΈ κ΄€μ•…κµ¬', 3000, 'νλ§¤', NULL, 1, NULL, NULL, 600000, NULL, 'λ°°μ†΅κ°€λ¥', NOW()),
(4, 'μ—μ–΄ν ν”„λ΅2', 'μƒμ ν’', 'μƒμƒν’', '/upload/product7.jpg', 'μ„μΈ λ™μ‘κµ¬', 2000, 'νλ§¤', NULL, 1, NULL, NULL, 300000, NULL, 'λ°°μ†΅κ°€λ¥', NOW()),
(4, 'LG μΈνΈλΌ λ…ΈνΈλ¶', 'μ΄κ²½λ‰ λ…ΈνΈλ¶', 'μ¤‘κ³ ', '/upload/product8.jpg', 'μ„μΈ κµ¬λ΅κµ¬', 4000, 'νλ§¤', NULL, 1, NULL, NULL, 800000, NULL, 'λ°°μ†΅κ°€λ¥', NOW()),
(5, 'μ‚Όμ„± λ¨λ‹ν„° 32μΈμΉ', 'μ»¤λΈλ“ λ¨λ‹ν„°', 'μ¤‘κ³ ', '/upload/product9.jpg', 'μ„μΈ μ©μ‚°κµ¬', 3000, 'νλ§¤', NULL, 1, NULL, NULL, 250000, NULL, 'λ°°μ†΅κ°€λ¥', NOW()),
(5, 'μ†λ‹ μΉ΄λ©”λΌ A6400', 'λ―Έλ¬λ¦¬μ¤ μΉ΄λ©”λΌ', 'μ¤‘κ³ ', '/upload/product10.jpg', 'μ„μΈ μ¤‘κµ¬', 5000, 'νλ§¤', NULL, 1, NULL, NULL, 900000, NULL, 'λ°°μ†΅κ°€λ¥', NOW()),
(6, 'DJI λ“λ΅ ', 'λ“λ΅  μ΄¬μ μ¥λΉ„', 'μƒμƒν’', '/upload/product11.jpg', 'μ„μΈ κ°•λ¶κµ¬', 5000, 'νλ§¤', NULL, 1, NULL, NULL, 1500000, NULL, 'λ°°μ†΅κ°€λ¥', NOW()),
(6, 'λ΅μ§€ν… ν‚¤λ³΄λ“', 'κ²μ΄λ° ν‚¤λ³΄λ“', 'μ¤‘κ³ ', '/upload/product12.jpg', 'μ„μΈ μ„±λ™κµ¬', 2000, 'νλ§¤', NULL, 1, NULL, NULL, 100000, NULL, 'λ°°μ†΅κ°€λ¥', NOW()),
(7, 'μ‚Όμ„± κ°¤λ­μ‹ νƒ­', 'νƒλΈ”λ¦Ώ μ¤‘κ³ ', 'μ¤‘κ³ ', '/upload/product13.jpg', 'μ„μΈ λ…Έμ›κµ¬', 3000, 'νλ§¤', NULL, 1, NULL, NULL, 350000, NULL, 'λ°°μ†΅κ°€λ¥', NOW()),
(7, 'λΈλ¦¬μΈ  μ¤ν”Όμ»¤', 'μ»΄ν“¨ν„° μ¤ν”Όμ»¤', 'μ¤‘κ³ ', '/upload/product14.jpg', 'μ„μΈ μ€ν‰κµ¬', 2000, 'νλ§¤', NULL, 1, NULL, NULL, 50000, NULL, 'λ°°μ†΅κ°€λ¥', NOW()),
(8, 'λ‚μ΄ν‚¤ μ΄λ™ν™”', 'μ—μ–΄λ§¥μ¤ ν•μ •ν', 'μƒμƒν’', '/upload/product15.jpg', 'μ„μΈ λ„λ΄‰κµ¬', 3000, 'νλ§¤', NULL, 1, NULL, NULL, 180000, NULL, 'λ°°μ†΅κ°€λ¥', NOW()),
(8, 'μ•„λ””λ‹¤μ¤ νΈλ™μνΈ', 'μƒμ+ν•μ μ„ΈνΈ', 'μƒμƒν’', '/upload/product16.jpg', 'μ„μΈ κΈμ²κµ¬', 3000, 'νλ§¤', NULL, 1, NULL, NULL, 120000, NULL, 'λ°°μ†΅κ°€λ¥', NOW()),
(9, 'ν”Όν 24', 'ν”μ¤μ© ν”Όν24', 'μƒμƒν’', '/upload/product17.jpg', 'μ„μΈ μ„λ€λ¬Έκµ¬', 2000, 'νλ§¤', NULL, 1, NULL, NULL, 70000, NULL, 'λ°°μ†΅κ°€λ¥', NOW()),
(9, 'μ¤νλ¬μ¤ VR', 'VR ν—¤λ“μ…‹', 'μ¤‘κ³ ', '/upload/product18.jpg', 'μ„μΈ μΆ…λ΅κµ¬', 5000, 'νλ§¤', NULL, 1, NULL, NULL, 400000, NULL, 'λ°°μ†΅κ°€λ¥', NOW()),
(10, 'μƒ¤μ¤λ―Έ λ¬΄μ„  μ²­μ†κΈ°', 'λ¬΄μ„  μ§„κ³µ μ²­μ†κΈ°', 'μ¤‘κ³ ', '/upload/product19.jpg', 'μ„μΈ μ„±λ¶κµ¬', 4000, 'νλ§¤', NULL, 1, NULL, NULL, 150000, NULL, 'λ°°μ†΅κ°€λ¥', NOW()),
(10, 'λ£¨λ―ΈνλΈ', 'λ³΄λ“κ²μ„ λ£¨λ―ΈνλΈ', 'μƒμƒν’', '/upload/product20.jpg', 'μ„μΈ μ¤‘λ‘κµ¬', 2000, 'νλ§¤', NULL, 1, NULL, NULL, 40000, NULL, 'λ°°μ†΅κ°€λ¥', NOW());


INSERT INTO mark (productNo, memberNo)
VALUES
(102, 57), (103, 57), (104, 57), (105, 57), (106, 57),
(107, 57), (108, 57), (109, 57), (110, 57), (111, 57),
(112, 57), (113, 57), (114, 57), (115, 57), (116, 57),
(117, 57), (118, 57), (119, 57), (120, 57), (121, 57);

